Date,Meninggal (baru),Sembuh (baru)
19 Mar 2020,25,15
20 Mar 2020,7,2
21 Mar 2020,6,3
22 Mar 2020,10,9
23 Mar 2020,1,1
24 Mar 2020,6,0
25 Mar 2020,3,1
26 Mar 2020,20,4
27 Mar 2020,9,11
28 Mar 2020,15,13
29 Mar 2020,12,5
30 Mar 2020,8,11
31 Mar 2020,14,6
1 Apr 2020,21,22
2 Apr 2020,13,9
3 Apr 2020,11,22
4 Apr 2020,10,16
5 Apr 2020,7,14
6 Apr 2020,11,28
7 Apr 2020,12,12
8 Apr 2020,19,18
9 Apr 2020,40,30
10 Apr 2020,26,30
11 Apr 2020,21,4
12 Apr 2020,46,73
13 Apr 2020,26,21
14 Apr 2020,60,46
15 Apr 2020,10,20
16 Apr 2020,27,102
17 Apr 2020,24,59
18 Apr 2020,15,24
19 Apr 2020,47,55
20 Apr 2020,8,60
21 Apr 2020,26,96
22 Apr 2020,19,71
23 Apr 2020,12,47
24 Apr 2020,42,42
25 Apr 2020,31,40
26 Apr 2020,23,65
27 Apr 2020,22,44
28 Apr 2020,8,103
29 Apr 2020,11,137
30 Apr 2020,8,131
1 Mei 2020,8,69
2 Mei 2020,31,74
3 Mei 2020,14,211
4 Mei 2020,19,78
5 Mei 2020,8,243
6 Mei 2020,23,120
7 Mei 2020,35,64
8 Mei 2020,13,113
9 Mei 2020,16,113
10 Mei 2020,14,91
11 Mei 2020,18,183
12 Mei 2020,16,182
13 Mei 2020,21,224
14 Mei 2020,15,231
15 Mei 2020,33,285
16 Mei 2020,13,108
17 Mei 2020,59,218
18 Mei 2020,43,195
19 Mei 2020,30,143
20 Mei 2020,21,108
21 Mei 2020,36,263
22 Mei 2020,48,219
23 Mei 2020,25,192
24 Mei 2020,21,153
25 Mei 2020,19,240
26 Mei 2020,27,235
27 Mei 2020,55,180
28 Mei 2020,23,183
29 Mei 2020,24,252
30 Mei 2020,53,523
31 Mei 2020,40,293
1 Jun 2020,28,329
2 Jun 2020,22,298
3 Jun 2020,35,471
4 Jun 2020,23,486
5 Jun 2020,49,551
6 Jun 2020,31,464
7 Jun 2020,50,591
8 Jun 2020,32,406
9 Jun 2020,40,510
10 Jun 2020,36,715
11 Jun 2020,41,507
12 Jun 2020,48,577
13 Jun 2020,43,563
14 Jun 2020,43,755
15 Jun 2020,64,592
16 Jun 2020,33,580
17 Jun 2020,45,540
18 Jun 2020,63,555
19 Jun 2020,34,551
20 Jun 2020,56,534
21 Jun 2020,36,521
22 Jun 2020,35,331
23 Jun 2020,35,506
24 Jun 2020,38,417
25 Jun 2020,47,791
26 Jun 2020,63,884
27 Jun 2020,37,576
28 Jun 2020,34,1027
29 Jun 2020,51,864
30 Jun 2020,71,1006
1 Jul 2020,58,789
2 Jul 2020,53,1072
3 Jul 2020,49,901
4 Jul 2020,53,651
5 Jul 2020,82,886
6 Jul 2020,70,814
7 Jul 2020,68,866
8 Jul 2020,50,800
9 Jul 2020,58,1066
10 Jul 2020,52,878
11 Jul 2020,66,1190
12 Jul 2020,71,919
13 Jul 2020,50,1051
14 Jul 2020,54,947
15 Jul 2020,87,1414
16 Jul 2020,76,1295
17 Jul 2020,84,1489
18 Jul 2020,59,1434
19 Jul 2020,127,2133
20 Jul 2020,96,1576
21 Jul 2020,81,1489
22 Jul 2020,139,1789
23 Jul 2020,117,1909
24 Jul 2020,89,1781
25 Jul 2020,49,1409
26 Jul 2020,67,1301
27 Jul 2020,57,1518
28 Jul 2020,63,2366
29 Jul 2020,74,1599
30 Jul 2020,83,2154
31 Jul 2020,73,1615
1 Agu 2020,62,2012
2 Agu 2020,43,1056
3 Agu 2020,66,1262
4 Agu 2020,86,1813
5 Agu 2020,64,1839
6 Agu 2020,69,1756
7 Agu 2020,72,1912
8 Agu 2020,65,1749
9 Agu 2020,65,1646
10 Agu 2020,42,1284
11 Agu 2020,59,1474
12 Agu 2020,79,2088
13 Agu 2020,65,1760
14 Agu 2020,53,2060
15 Agu 2020,50,1703
16 Agu 2020,79,1782
17 Agu 2020,57,1355
18 Agu 2020,70,1848
19 Agu 2020,69,2351
20 Agu 2020,72,2017
21 Agu 2020,82,2317
22 Agu 2020,94,2207
23 Agu 2020,86,2302
24 Agu 2020,79,3560
25 Agu 2020,99,1807
26 Agu 2020,86,2542
27 Agu 2020,120,3166
28 Agu 2020,105,2325
29 Agu 2020,92,1902
30 Agu 2020,82,1383
31 Agu 2020,74,1774
1 Sep 2020,88,2098
2 Sep 2020,111,1914
3 Sep 2020,134,2084
4 Sep 2020,82,2126
5 Sep 2020,108,2220
6 Sep 2020,85,2174
7 Sep 2020,105,2077
8 Sep 2020,100,2306
9 Sep 2020,106,2242
10 Sep 2020,120,2310
11 Sep 2020,88,2707
12 Sep 2020,106,2241
13 Sep 2020,73,2552
14 Sep 2020,118,3395
15 Sep 2020,124,2660
16 Sep 2020,135,3036
17 Sep 2020,122,2585
18 Sep 2020,114,4088
19 Sep 2020,112,3576
20 Sep 2020,105,2977
21 Sep 2020,124,3470
22 Sep 2020,160,3501
23 Sep 2020,140,3660
24 Sep 2020,128,3895
25 Sep 2020,113,4343
26 Sep 2020,90,3207
27 Sep 2020,78,3611
28 Sep 2020,87,3856
29 Sep 2020,128,3567
30 Sep 2020,139,4510
1 Okt 2020,116,3540
2 Okt 2020,116,2853
3 Okt 2020,83,3712
4 Okt 2020,96,3401
5 Okt 2020,102,4140
6 Okt 2020,121,3844
7 Okt 2020,98,3854
8 Okt 2020,108,3769
9 Okt 2020,97,3607
10 Okt 2020,88,3814
11 Okt 2020,79,3546
12 Okt 2020,91,3492
13 Okt 2020,92,4777
14 Okt 2020,129,4555
15 Okt 2020,112,5810
16 Okt 2020,79,3883
17 Okt 2020,84,4048
18 Okt 2020,80,3732
19 Okt 2020,106,3919
20 Okt 2020,117,4410
21 Okt 2020,123,3856
22 Okt 2020,102,3497
23 Okt 2020,118,4094
24 Okt 2020,128,4119
25 Okt 2020,94,4545
26 Okt 2020,112,3908
27 Okt 2020,101,4576
28 Okt 2020,100,3545
29 Okt 2020,89,3985
30 Okt 2020,81,4517
31 Okt 2020,87,3506
1 Nov 2020,74,4141
2 Nov 2020,101,3624
3 Nov 2020,102,3931
4 Nov 2020,113,3785
5 Nov 2020,89,3860
6 Nov 2020,94,3563
7 Nov 2020,98,3712
8 Nov 2020,74,3881
9 Nov 2020,75,3968
10 Nov 2020,72,3475
11 Nov 2020,75,3241
12 Nov 2020,97,3102
13 Nov 2020,104,3010
14 Nov 2020,111,3000
15 Nov 2020,63,3897
16 Nov 2020,85,3452
17 Nov 2020,97,3193
18 Nov 2020,110,3711
19 Nov 2020,97,4265
20 Nov 2020,78,3940
21 Nov 2020,96,3403
22 Nov 2020,110,4233
23 Nov 2020,118,4198
24 Nov 2020,109,2927
25 Nov 2020,114,4494
26 Nov 2020,127,3842
27 Nov 2020,169,3807
28 Nov 2020,125,4527
29 Nov 2020,169,3810
30 Nov 2020,130,4725
1 Des 2020,136,4361
2 Des 2020,118,4001
3 Des 2020,156,3673
4 Des 2020,124,3625
5 Des 2020,110,4271
6 Des 2020,151,4322
7 Des 2020,127,4431
8 Des 2020,133,4295
9 Des 2020,171,3948
10 Des 2020,165,4530
11 Des 2020,175,4911
12 Des 2020,142,4490
13 Des 2020,166,4460
14 Des 2020,137,5121
15 Des 2020,155,5699
16 Des 2020,137,5328
17 Des 2020,142,4995
18 Des 2020,124,5016
19 Des 2020,145,4265
20 Des 2020,221,5551
21 Des 2020,205,5073
22 Des 2020,172,5838
23 Des 2020,151,5981
24 Des 2020,181,5277
25 Des 2020,258,6324
26 Des 2020,147,6389
27 Des 2020,243,6983
28 Des 2020,215,6302
29 Des 2020,251,6805
30 Des 2020,241,6958
31 Des 2020,194,7356
1 Jan 2021,191,6839
2 Jan 2021,226,7582
3 Jan 2021,179,6419
4 Jan 2021,177,7166
5 Jan 2021,198,6643
6 Jan 2021,187,6767
7 Jan 2021,224,6924
8 Jan 2021,233,7446
9 Jan 2021,194,6628
10 Jan 2021,182,7513
11 Jan 2021,214,7715
12 Jan 2021,302,7068
13 Jan 2021,306,7657
14 Jan 2021,295,7741
15 Jan 2021,238,7491
16 Jan 2021,283,8662
17 Jan 2021,220,9102
18 Jan 2021,295,9475
19 Jan 2021,308,8013
20 Jan 2021,267,9755
21 Jan 2021,346,9087
22 Jan 2021,250,8357
23 Jan 2021,211,9912
24 Jan 2021,171,7751
25 Jan 2021,297,10678
26 Jan 2021,336,10868
27 Jan 2021,387,10974
28 Jan 2021,476,10792
29 Jan 2021,187,10138
30 Jan 2021,210,10242
31 Jan 2021,270,10719
1 Feb 2021,279,10461
2 Feb 2021,304,12848
3 Feb 2021,189,9135
4 Feb 2021,231,11641
5 Feb 2021,201,9674
6 Feb 2021,191,12204
7 Feb 2021,163,10806
8 Feb 2021,207,13038
9 Feb 2021,213,10424
10 Feb 2021,191,9520
11 Feb 2021,214,10145
12 Feb 2021,275,11000
13 Feb 2021,280,11919
14 Feb 2021,247,9237
15 Feb 2021,184,6792
16 Feb 2021,229,7609
17 Feb 2021,192,8002
18 Feb 2021,181,10546
19 Feb 2021,183,10783
20 Feb 2021,164,9835
21 Feb 2021,173,8236
22 Feb 2021,202,9918
23 Feb 2021,323,7996
24 Feb 2021,240,7735
25 Feb 2021,264,8686
26 Feb 2021,268,7261
27 Feb 2021,195,7382
28 Feb 2021,185,6649
1 Mar 2021,159,9212
2 Mar 2021,193,8948
3 Mar 2021,203,9053
4 Mar 2021,176,6440
5 Mar 2021,129,6331
6 Mar 2021,128,6823
7 Mar 2021,112,5146
8 Mar 2021,281,8725
9 Mar 2021,210,7496
10 Mar 2021,175,5556
11 Mar 2021,117,8170
12 Mar 2021,180,6851
13 Mar 2021,100,6016
14 Mar 2021,97,5647
15 Mar 2021,147,6830
16 Mar 2021,180,7716
17 Mar 2021,162,9010
18 Mar 2021,227,6285
19 Mar 2021,197,6007
20 Mar 2021,108,5760
21 Mar 2021,103,6065
22 Mar 2021,161,7177
23 Mar 2021,154,6954
24 Mar 2021,118,7622
25 Mar 2021,98,4656
26 Mar 2021,85,5679
27 Mar 2021,198,4243
28 Mar 2021,85,4279
29 Mar 2021,132,5418
30 Mar 2021,173,5877
31 Mar 2021,104,5635
1 Apr 2021,196,7248
2 Apr 2021,97,5439
3 Apr 2021,91,5197
4 Apr 2021,427,9663
5 Apr 2021,146,5800
6 Apr 2021,162,4296
7 Apr 2021,87,5769
8 Apr 2021,163,7640
9 Apr 2021,121,6277
10 Apr 2021,95,3629
11 Apr 2021,87,5219
12 Apr 2021,126,5289
13 Apr 2021,126,6349
14 Apr 2021,124,5747
15 Apr 2021,167,6362
16 Apr 2021,123,5975
17 Apr 2021,132,5963
18 Apr 2021,96,4873
19 Apr 2021,143,6349
20 Apr 2021,210,6728
21 Apr 2021,230,7314
22 Apr 2021,165,5993
23 Apr 2021,174,5920
24 Apr 2021,154,4953
25 Apr 2021,94,3804
26 Apr 2021,177,5589
27 Apr 2021,168,4884
28 Apr 2021,177,4818
29 Apr 2021,218,6015
30 Apr 2021,187,5202
1 Mei 2021,131,4344
2 Mei 2021,144,3740
3 Mei 2021,153,4773
4 Mei 2021,188,5658
5 Mei 2021,212,5943
6 Mei 2021,147,5440
7 Mei 2021,167,5891
8 Mei 2021,179,5494
9 Mei 2021,170,4360
10 Mei 2021,206,6338
11 Mei 2021,247,5592
12 Mei 2021,152,4671
13 Mei 2021,99,4201
14 Mei 2021,107,3807
15 Mei 2021,144,4181
16 Mei 2021,126,3790
17 Mei 2021,212,5754
18 Mei 2021,172,5628
19 Mei 2021,192,4364
20 Mei 2021,218,4969
21 Mei 2021,186,4570
22 Mei 2021,132,3353
23 Mei 2021,123,3550
24 Mei 2021,127,5234
25 Mei 2021,172,3795
26 Mei 2021,144,3189
27 Mei 2021,136,3924
28 Mei 2021,193,5370
29 Mei 2021,162,5417
30 Mei 2021,142,4024
31 Mei 2021,174,5121
1 Jun 2021,145,5360
2 Jun 2021,185,6022
3 Jun 2021,187,11092
4 Jun 2021,201,5950
5 Jun 2021,153,4241
6 Jun 2021,163,4187
7 Jun 2021,191,5594
8 Jun 2021,189,5805
9 Jun 2021,170,5883
10 Jun 2021,211,5661
11 Jun 2021,193,6230
12 Jun 2021,164,5292
13 Jun 2021,149,4655
14 Jun 2021,237,6143
15 Jun 2021,164,6407
16 Jun 2021,196,6229
17 Jun 2021,277,7350
18 Jun 2021,290,7907
19 Jun 2021,248,7016
20 Jun 2021,371,6385
21 Jun 2021,294,9233
22 Jun 2021,335,8375
23 Jun 2021,303,7167
24 Jun 2021,355,9201
25 Jun 2021,422,8557
26 Jun 2021,358,7396
27 Jun 2021,409,8024
28 Jun 2021,423,9480
29 Jun 2021,463,9645
30 Jun 2021,467,10807
1 Jul 2021,504,9874
2 Jul 2021,539,11578
3 Jul 2021,493,13282
4 Jul 2021,555,13127
5 Jul 2021,558,14416
6 Jul 2021,728,15863
7 Jul 2021,1040,14835
8 Jul 2021,852,21185
9 Jul 2021,871,28975
10 Jul 2021,826,28561
11 Jul 2021,1007,32615
12 Jul 2021,891,34754
13 Jul 2021,864,20123
14 Jul 2021,991,17762
15 Jul 2021,982,19049
16 Jul 2021,1205,28079
17 Jul 2021,1092,27903
18 Jul 2021,1093,29264
19 Jul 2021,1338,32217
20 Jul 2021,1280,29791
21 Jul 2021,1383,32887
22 Jul 2021,1449,36370
23 Jul 2021,1566,38988
24 Jul 2021,1415,39767
25 Jul 2021,1266,37640
26 Jul 2021,1487,40374
27 Jul 2021,2069,47128
28 Jul 2021,1824,43856
29 Jul 2021,1893,45494
30 Jul 2021,1759,44550
31 Jul 2021,1808,39372
1 Agu 2021,1604,39446
2 Agu 2021,1568,32807
3 Agu 2021,1598,31324
4 Agu 2021,1747,34251
5 Agu 2021,1739,39726
6 Agu 2021,1635,48832
7 Agu 2021,1588,39716
8 Agu 2021,1498,48508
9 Agu 2021,1475,44959
10 Agu 2021,2048,41486
11 Agu 2021,1579,39931
12 Agu 2021,1466,36637
13 Agu 2021,1432,42003
14 Agu 2021,1270,31880
15 Agu 2021,1222,30361
16 Agu 2021,1245,29925
17 Agu 2021,1180,32225
18 Agu 2021,1128,29794
19 Agu 2021,1492,29012
20 Agu 2021,1348,26122
21 Agu 2021,1361,23011
22 Agu 2021,1030,24276
23 Agu 2021,842,24758
24 Agu 2021,1038,35082
25 Agu 2021,1041,33703
26 Agu 2021,889,30099
27 Agu 2021,599,19290
28 Agu 2021,591,18594
29 Agu 2021,551,16468
30 Agu 2021,568,19398
31 Agu 2021,532,16781
1 Sep 2021,653,16394
2 Sep 2021,680,21208
3 Sep 2021,574,15544
4 Sep 2021,539,13806
5 Sep 2021,392,10191
6 Sep 2021,612,13049
7 Sep 2021,683,14159
8 Sep 2021,626,11912
9 Sep 2021,334,10650
10 Sep 2021,315,14356
11 Sep 2021,270,7586
12 Sep 2021,188,9401
13 Sep 2021,276,12474
14 Sep 2021,250,11246
15 Sep 2021,267,11046
16 Sep 2021,237,14633
17 Sep 2021,219,7912
18 Sep 2021,185,7076
19 Sep 2021,145,6186
20 Sep 2021,166,6799
21 Sep 2021,171,6581
22 Sep 2021,149,5356
23 Sep 2021,160,4386
24 Sep 2021,144,4607
25 Sep 2021,123,3746
26 Sep 2021,86,2976
27 Sep 2021,118,3771
28 Sep 2021,124,3551
29 Sep 2021,117,3077
30 Sep 2021,113,2848
1 Okt 2021,87,2811
2 Okt 2021,89,2380
3 Okt 2021,58,2020
4 Okt 2021,88,2656
5 Okt 2021,77,2558
6 Okt 2021,75,2851
7 Okt 2021,81,1946
8 Okt 2021,66,3514
9 Okt 2021,52,1507
10 Okt 2021,39,1584
11 Okt 2021,65,2444
12 Okt 2021,47,2130
13 Okt 2021,48,2259
14 Okt 2021,37,1715
15 Okt 2021,41,1408
16 Okt 2021,44,1525
17 Okt 2021,19,1086
18 Okt 2021,47,1593
19 Okt 2021,50,1530
20 Okt 2021,28,1207
21 Okt 2021,43,1372
22 Okt 2021,33,1231
23 Okt 2021,23,1066
24 Okt 2021,29,1037
25 Okt 2021,30,1236
26 Okt 2021,35,1141
27 Okt 2021,29,944
28 Okt 2021,34,984
29 Okt 2021,28,681
30 Okt 2021,27,698
31 Okt 2021,17,497
1 Nov 2021,18,784
2 Nov 2021,34,868
3 Nov 2021,24,814
4 Nov 2021,19,837
5 Nov 2021,19,648
6 Nov 2021,15,622
7 Nov 2021,11,587
8 Nov 2021,12,1283
9 Nov 2021,21,585
10 Nov 2021,14,531
11 Nov 2021,16,470
12 Nov 2021,20,560
13 Nov 2021,16,451
14 Nov 2021,15,503
15 Nov 2021,11,706
16 Nov 2021,15,515
17 Nov 2021,13,458
18 Nov 2021,11,464
19 Nov 2021,5,516
20 Nov 2021,14,379
21 Nov 2021,11,331
22 Nov 2021,5,342
23 Nov 2021,9,434
24 Nov 2021,13,377
25 Nov 2021,16,293
26 Nov 2021,14,386
27 Nov 2021,11,260
28 Nov 2021,1,275
29 Nov 2021,11,419
30 Nov 2021,11,324
1 Des 2021,10,307
2 Des 2021,10,388
3 Des 2021,8,328
4 Des 2021,5,314
5 Des 2021,4,298
6 Des 2021,9,2005
7 Des 2021,17,420
8 Des 2021,16,351
9 Des 2021,9,296
10 Des 2021,5,311
11 Des 2021,6,190
12 Des 2021,7,184
13 Des 2021,12,278
14 Des 2021,12,247
15 Des 2021,9,237
16 Des 2021,10,234
17 Des 2021,7,205
18 Des 2021,12,214
19 Des 2021,4,155
20 Des 2021,11,216
21 Des 2021,11,205
22 Des 2021,10,252
23 Des 2021,8,232
24 Des 2021,5,182
25 Des 2021,6,195
26 Des 2021,2,148
27 Des 2021,8,271
28 Des 2021,8,152
29 Des 2021,10,270
30 Des 2021,7,399
31 Des 2021,6,193
1 Jan 2022,2,165
2 Jan 2022,1,190
3 Jan 2022,5,112
4 Jan 2022,3,168
5 Jan 2022,4,180
6 Jan 2022,7,209
7 Jan 2022,5,214
8 Jan 2022,6,175
9 Jan 2022,2,211
10 Jan 2022,7,244
11 Jan 2022,8,446
12 Jan 2022,6,314
13 Jan 2022,5,385
14 Jan 2022,8,353
15 Jan 2022,4,464
16 Jan 2022,3,710
17 Jan 2022,4,598
18 Jan 2022,9,564
19 Jan 2022,9,504
20 Jan 2022,7,577
21 Jan 2022,2,811
22 Jan 2022,5,627
23 Jan 2022,14,712
24 Jan 2022,7,944
25 Jan 2022,20,869
26 Jan 2022,7,2582
27 Jan 2022,7,1643
28 Jan 2022,7,2028
29 Jan 2022,17,2590
30 Jan 2022,18,3241
31 Jan 2022,17,3290
1 Feb 2022,28,3240
2 Feb 2022,25,5110
3 Feb 2022,38,5993
4 Feb 2022,42,7190
5 Feb 2022,44,10471
6 Feb 2022,57,10569
7 Feb 2022,82,8577
8 Feb 2022,83,10708
9 Feb 2022,65,14016
10 Feb 2022,74,18182
11 Feb 2022,100,15767
12 Feb 2022,107,32570
13 Feb 2022,111,26916
14 Feb 2022,145,13338
15 Feb 2022,134,26747
16 Feb 2022,167,25386
17 Feb 2022,206,39072
18 Feb 2022,216,32904
19 Feb 2022,158,34699
20 Feb 2022,163,32873
21 Feb 2022,176,39929
22 Feb 2022,257,38474
23 Feb 2022,227,39170
24 Feb 2022,317,42518
25 Feb 2022,244,61361
26 Feb 2022,258,41805
27 Feb 2022,229,39384
28 Feb 2022,262,43992
1 Mar 2022,325,39887
2 Mar 2022,376,42935
3 Mar 2022,232,42154
4 Mar 2022,328,40462
5 Mar 2022,322,46669
6 Mar 2022,254,49080
7 Mar 2022,258,48800
8 Mar 2022,401,55128
9 Mar 2022,304,31705
10 Mar 2022,278,38399
11 Mar 2022,290,39212
12 Mar 2022,248,33733
13 Mar 2022,215,25854
14 Mar 2022,271,39296
15 Mar 2022,308,27615
16 Mar 2022,230,32262
17 Mar 2022,237,28787
18 Mar 2022,199,25827
19 Mar 2022,188,24008
20 Mar 2022,139,15829
21 Mar 2022,154,20888
22 Mar 2022,170,29084
23 Mar 2022,159,19209
24 Mar 2022,122,18272
25 Mar 2022,120,14710
26 Mar 2022,107,10943
27 Mar 2022,100,12499
28 Mar 2022,104,10301
29 Mar 2022,108,10092
30 Mar 2022,118,7876
31 Mar 2022,89,7871
1 Apr 2022,75,9036
2 Apr 2022,77,4798
3 Apr 2022,47,4067
4 Apr 2022,61,7355
5 Apr 2022,72,7241
6 Apr 2022,43,5415
7 Apr 2022,45,5888
8 Apr 2022,47,3442
9 Apr 2022,41,3865
10 Apr 2022,29,2493
11 Apr 2022,48,3978
12 Apr 2022,43,3286
13 Apr 2022,29,3022
14 Apr 2022,48,3216
15 Apr 2022,26,2275
16 Apr 2022,24,2768
17 Apr 2022,22,2782
18 Apr 2022,37,7831
19 Apr 2022,34,2750
20 Apr 2022,37,4635
21 Apr 2022,41,14416
22 Apr 2022,25,10808
23 Apr 2022,27,2082
24 Apr 2022,33,2168
25 Apr 2022,33,4664
26 Apr 2022,30,4058
27 Apr 2022,36,1178
28 Apr 2022,18,1171
29 Apr 2022,23,572
30 Apr 2022,17,598
1 Mei 2022,16,633
2 Mei 2022,14,371
3 Mei 2022,18,395
4 Mei 2022,16,266
5 Mei 2022,19,445
6 Mei 2022,17,329
7 Mei 2022,14,307
8 Mei 2022,10,452
9 Mei 2022,15,353
10 Mei 2022,20,659
11 Mei 2022,8,916
12 Mei 2022,14,785
13 Mei 2022,10,254
14 Mei 2022,5,416
15 Mei 2022,5,293
16 Mei 2022,6,263
17 Mei 2022,17,1029
18 Mei 2022,17,364
19 Mei 2022,12,384
20 Mei 2022,3,298
21 Mei 2022,6,254
22 Mei 2022,3,285
23 Mei 2022,12,929
24 Mei 2022,14,288
25 Mei 2022,5,232
26 Mei 2022,3,243
27 Mei 2022,9,277
28 Mei 2022,8,248
29 Mei 2022,1,261
30 Mei 2022,12,287
31 Mei 2022,5,247
1 Jun 2022,3,183
2 Jun 2022,6,334
3 Jun 2022,4,350
4 Jun 2022,6,258
5 Jun 2022,5,204
6 Jun 2022,7,270
7 Jun 2022,2,350
8 Jun 2022,4,258
9 Jun 2022,7,410
10 Jun 2022,3,344
11 Jun 2022,3,374
12 Jun 2022,2,353
13 Jun 2022,9,390
14 Jun 2022,10,548
15 Jun 2022,8,525
16 Jun 2022,3,509
17 Jun 2022,6,556
18 Jun 2022,5,523
19 Jun 2022,3,632
20 Jun 2022,8,667
21 Jun 2022,5,677
22 Jun 2022,2,687
23 Jun 2022,4,1146
24 Jun 2022,5,998
25 Jun 2022,3,1074
26 Jun 2022,3,1175
27 Jun 2022,9,1637
28 Jun 2022,2,1170
29 Jun 2022,3,1282
30 Jun 2022,6,1626
1 Jul 2022,3,1921
2 Jul 2022,5,1789
3 Jul 2022,4,1606
4 Jul 2022,9,1868
5 Jul 2022,8,1691
6 Jul 2022,4,2045
7 Jul 2022,6,1877
8 Jul 2022,5,2386
9 Jul 2022,4,1973
10 Jul 2022,6,1890
11 Jul 2022,7,1866
12 Jul 2022,8,1780
13 Jul 2022,12,1939
14 Jul 2022,9,2872
15 Jul 2022,6,2842
16 Jul 2022,6,2702
17 Jul 2022,10,2574
18 Jul 2022,10,2427
19 Jul 2022,6,2596
20 Jul 2022,10,2331
21 Jul 2022,5,2925
22 Jul 2022,13,3363
23 Jul 2022,9,4108
24 Jul 2022,0,2684
25 Jul 2022,14,4023
26 Jul 2022,13,3511
27 Jul 2022,11,3825
28 Jul 2022,17,5705
29 Jul 2022,13,4485
30 Jul 2022,13,4268
31 Jul 2022,10,4597
1 Agu 2022,11,4579
2 Agu 2022,24,4564
3 Agu 2022,18,4340
4 Agu 2022,14,6664
5 Agu 2022,12,6323
6 Agu 2022,10,4850
7 Agu 2022,13,5016
8 Agu 2022,18,4919
9 Agu 2022,18,4850
10 Agu 2022,18,4906
11 Agu 2022,22,4824
12 Agu 2022,18,5226
13 Agu 2022,19,5055
14 Agu 2022,18,4903
15 Agu 2022,26,4508
16 Agu 2022,25,5803
17 Agu 2022,19,4324
18 Agu 2022,21,5250
19 Agu 2022,26,5028
20 Agu 2022,22,4302
21 Agu 2022,12,6044
22 Agu 2022,19,4978
23 Agu 2022,24,5134
24 Agu 2022,18,5550
25 Agu 2022,19,5780
26 Agu 2022,21,5758
27 Agu 2022,15,2514
28 Agu 2022,7,5044
29 Agu 2022,21,4702
30 Agu 2022,20,4510
31 Agu 2022,25,4384
1 Sep 2022,25,4843
2 Sep 2022,17,4451
3 Sep 2022,23,4002
4 Sep 2022,16,3751
5 Sep 2022,21,4444
6 Sep 2022,28,5136
7 Sep 2022,21,3505
8 Sep 2022,12,3441
9 Sep 2022,12,5346
10 Sep 2022,16,3098
11 Sep 2022,13,2725
12 Sep 2022,17,3465
13 Sep 2022,20,3617
14 Sep 2022,21,3938
15 Sep 2022,21,3915
16 Sep 2022,27,2997
17 Sep 2022,8,2681
18 Sep 2022,8,1667
19 Sep 2022,23,3390
20 Sep 2022,15,2533
21 Sep 2022,18,2991
22 Sep 2022,18,4051
23 Sep 2022,20,3077
24 Sep 2022,12,2040
25 Sep 2022,16,2569
26 Sep 2022,22,2842
27 Sep 2022,21,2070
28 Sep 2022,19,1884
29 Sep 2022,17,2814
30 Sep 2022,19,2601
1 Okt 2022,10,1526
2 Okt 2022,10,1575
3 Okt 2022,11,2263
4 Okt 2022,13,1538
5 Okt 2022,9,1364
6 Okt 2022,12,1715
7 Okt 2022,15,1822
8 Okt 2022,6,1541
9 Okt 2022,7,1273
10 Okt 2022,14,1518
11 Okt 2022,16,1540
12 Okt 2022,14,1283
13 Okt 2022,14,1713
14 Okt 2022,18,1524
15 Okt 2022,20,1867
16 Okt 2022,12,1362
17 Okt 2022,14,1609
18 Okt 2022,18,1431
19 Okt 2022,16,1408
20 Okt 2022,19,1873
21 Okt 2022,18,1970
22 Okt 2022,18,2308
23 Okt 2022,13,1206
24 Okt 2022,25,2378
25 Okt 2022,21,1757
26 Okt 2022,24,1458
27 Okt 2022,23,2954
28 Okt 2022,22,1783
29 Okt 2022,27,2109
30 Okt 2022,26,1895
31 Okt 2022,34,2309
1 Nov 2022,32,2071
2 Nov 2022,32,2050
3 Nov 2022,42,2882
4 Nov 2022,31,3197
5 Nov 2022,39,2930
6 Nov 2022,22,2495
7 Nov 2022,42,3348
8 Nov 2022,38,3197
9 Nov 2022,43,3198
10 Nov 2022,37,4223
11 Nov 2022,46,4139
12 Nov 2022,33,4739
13 Nov 2022,36,4347
14 Nov 2022,54,4188
15 Nov 2022,41,4038
16 Nov 2022,54,4255
17 Nov 2022,38,5264
18 Nov 2022,32,5854
19 Nov 2022,25,4914
20 Nov 2022,31,5690
21 Nov 2022,43,6855
22 Nov 2022,51,4984
23 Nov 2022,51,4903
24 Nov 2022,41,7669
25 Nov 2022,35,6752
26 Nov 2022,41,6360
27 Nov 2022,35,5655
28 Nov 2022,59,5864
29 Nov 2022,54,5476
30 Nov 2022,41,4411
1 Des 2022,54,6499
2 Des 2022,37,6001
3 Des 2022,32,5228
4 Des 2022,25,5772
5 Des 2022,48,5033
6 Des 2022,45,4179
7 Des 2022,41,3240
8 Des 2022,27,5118
9 Des 2022,36,4711
10 Des 2022,23,3507
11 Des 2022,26,3731
12 Des 2022,31,3848
13 Des 2022,32,3402
14 Des 2022,24,2508
15 Des 2022,24,3779
16 Des 2022,27,2806
17 Des 2022,22,2369
18 Des 2022,14,2035
19 Des 2022,26,3240
20 Des 2022,27,2781
21 Des 2022,15,2427
22 Des 2022,22,2324
23 Des 2022,19,2812
24 Des 2022,17,1294
25 Des 2022,13,974
26 Des 2022,14,3212
27 Des 2022,9,1692
28 Des 2022,14,2531
29 Des 2022,9,1437
30 Des 2022,10,904
31 Des 2022,19,4200
1 Jan 2023,7,653
2 Jan 2023,16,692
3 Jan 2023,13,800
4 Jan 2023,9,665
5 Jan 2023,8,681
6 Jan 2023,8,563
7 Jan 2023,6,680
8 Jan 2023,4,429
9 Jan 2023,11,557
10 Jan 2023,3,612
11 Jan 2023,8,509
12 Jan 2023,6,669
13 Jan 2023,8,471
14 Jan 2023,5,522
15 Jan 2023,3,366
16 Jan 2023,12,530
17 Jan 2023,7,572
18 Jan 2023,10,433
19 Jan 2023,8,435
20 Jan 2023,8,687
21 Jan 2023,5,605
22 Jan 2023,4,360
23 Jan 2023,7,445
24 Jan 2023,5,453
25 Jan 2023,2,339
26 Jan 2023,4,539
27 Jan 2023,2,283
28 Jan 2023,1,254
29 Jan 2023,1,199
30 Jan 2023,7,334
31 Jan 2023,4,263
1 Feb 2023,3,276
2 Feb 2023,5,203
3 Feb 2023,4,273
4 Feb 2023,5,233
5 Feb 2023,1,181
6 Feb 2023,6,306
7 Feb 2023,9,259
8 Feb 2023,5,249
9 Feb 2023,3,257
10 Feb 2023,3,275
11 Feb 2023,2,211
12 Feb 2023,4,188
13 Feb 2023,6,266
14 Feb 2023,3,209
15 Feb 2023,5,156
16 Feb 2023,2,207
17 Feb 2023,4,203
18 Feb 2023,0,614
19 Feb 2023,2,174
20 Feb 2023,2,238
21 Feb 2023,4,200
22 Feb 2023,2,195
23 Feb 2023,3,265
24 Feb 2023,5,226
25 Feb 2023,3,167
26 Feb 2023,3,224
27 Feb 2023,3,270
28 Feb 2023,3,235
1 Mar 2023,2,153
2 Mar 2023,4,253
3 Mar 2023,5,234
4 Mar 2023,3,277
5 Mar 2023,2,576
6 Mar 2023,2,218
7 Mar 2023,2,346
8 Mar 2023,3,137
9 Mar 2023,4,291
10 Mar 2023,3,196
11 Mar 2023,1,201
12 Mar 2023,3,214
13 Mar 2023,2,311
14 Mar 2023,3,251
15 Mar 2023,3,191
16 Mar 2023,7,234
17 Mar 2023,5,283
18 Mar 2023,1,278
19 Mar 2023,2,206
20 Mar 2023,4,411
21 Mar 2023,2,322
22 Mar 2023,5,153
23 Mar 2023,2,224
24 Mar 2023,1,290
25 Mar 2023,9,319
26 Mar 2023,0,246
27 Mar 2023,6,430
28 Mar 2023,5,176
29 Mar 2023,3,471
30 Mar 2023,4,401
31 Mar 2023,8,243
1 Apr 2023,3,299
2 Apr 2023,4,154
3 Apr 2023,3,432
4 Apr 2023,5,323
5 Apr 2023,4,553
6 Apr 2023,5,420
7 Apr 2023,2,368
8 Apr 2023,4,357
9 Apr 2023,2,296
10 Apr 2023,5,576
11 Apr 2023,14,702
12 Apr 2023,11,346
13 Apr 2023,14,714
14 Apr 2023,14,463
15 Apr 2023,6,505
16 Apr 2023,7,545
17 Apr 2023,6,736
18 Apr 2023,11,580
19 Apr 2023,12,558
20 Apr 2023,13,699
21 Apr 2023,5,778
22 Apr 2023,6,607
23 Apr 2023,1,948
24 Apr 2023,5,611
25 Apr 2023,8,841
26 Apr 2023,14,1191
27 Apr 2023,17,1825
28 Apr 2023,37,1310
29 Apr 2023,14,810
30 Apr 2023,12,819
1 Mei 2023,16,839
2 Mei 2023,27,1019
3 Mei 2023,25,1120
4 Mei 2023,32,1139
5 Mei 2023,20,1146
6 Mei 2023,35,1283
7 Mei 2023,20,1259
8 Mei 2023,21,1795
9 Mei 2023,21,1284
10 Mei 2023,25,1292
11 Mei 2023,21,1366
12 Mei 2023,27,1593
13 Mei 2023,25,1596
14 Mei 2023,10,1223
15 Mei 2023,21,2242
16 Mei 2023,8,755
17 Mei 2023,8,1011
18 Mei 2023,7,911
19 Mei 2023,5,1081
20 Mei 2023,13,689
21 Mei 2023,3,972
22 Mei 2023,9,965
23 Mei 2023,18,1868
24 Mei 2023,14,751
25 Mei 2023,6,643
26 Mei 2023,5,682
27 Mei 2023,7,379
28 Mei 2023,6,621
29 Mei 2023,15,829
30 Mei 2023,8,720
31 Mei 2023,9,625
1 Jun 2023,2,325
2 Jun 2023,5,444
3 Jun 2023,2,621
4 Jun 2023,9,386
5 Jun 2023,8,618
6 Jun 2023,7,427
7 Jun 2023,7,523
8 Jun 2023,4,392
9 Jun 2023,5,376
10 Jun 2023,0,243
11 Jun 2023,1,168
12 Jun 2023,5,451
13 Jun 2023,4,278
14 Jun 2023,2,196
15 Jun 2023,4,228
16 Jun 2023,3,188
17 Jun 2023,1,136
18 Jun 2023,4,273
19 Jun 2023,0,186
20 Jun 2023,4,251
21 Jun 2023,5,214
22 Jun 2023,4,210
23 Jun 2023,4,224
24 Jun 2023,2,159
25 Jun 2023,2,79
26 Jun 2023,2,131
27 Jun 2023,3,172
28 Jun 2023,0,84